{
  "halloween.ghost_breath": {
    "sounds": [
      "magic:halloween/ghost_breath"
    ],
    "category": "player"
  },
  "halloween.scarecrow": {
    "sounds": [
      "magic:halloween/scarecrow"
    ],
    "category": "player"
  },
  "halloween.swipe": {
    "sounds": [
      "magic:halloween/swipe"
    ],
    "category": "player"
  },
  "halloween.igor": {
    "sounds": [
      "magic:halloween/igor"
    ],
    "category": "player"
  },
  "halloween.werewolf": {
    "sounds": [
      "magic:halloween/werewolf"
    ],
    "category": "player"
  }
}
