{"data":47,"parent":"item/generated","textures":{"layer0":"item/leather_horse_armor"},"overrides":[{"predicate":{"custom_model_data":1},"model":"modelengine:bearded_dragon/tounge"},{"predicate":{"custom_model_data":2},"model":"modelengine:bearded_dragon/head"},{"predicate":{"custom_model_data":3},"model":"modelengine:bearded_dragon/torso"},{"predicate":{"custom_model_data":4},"model":"modelengine:bearded_dragon/tailend"},{"predicate":{"custom_model_data":5},"model":"modelengine:bearded_dragon/tail"},{"predicate":{"custom_model_data":6},"model":"modelengine:bearded_dragon/leg_right_front"},{"predicate":{"custom_model_data":7},"model":"modelengine:bearded_dragon/leg_left_back"},{"predicate":{"custom_model_data":8},"model":"modelengine:bearded_dragon/leg_left_front"},{"predicate":{"custom_model_data":9},"model":"modelengine:bearded_dragon/leg_right_back"},{"predicate":{"custom_model_data":10},"model":"modelengine:kindletronjr/head"},{"predicate":{"custom_model_data":11},"model":"modelengine:kindletronjr/rightarm"},{"predicate":{"custom_model_data":12},"model":"modelengine:kindletronjr/leftarm"},{"predicate":{"custom_model_data":13},"model":"modelengine:kindletronjr/leftleg"},{"predicate":{"custom_model_data":14},"model":"modelengine:kindletronjr/rightleg"},{"predicate":{"custom_model_data":15},"model":"modelengine:kindletronjr/torso"},{"predicate":{"custom_model_data":16},"model":"modelengine:kindletronsr/head"},{"predicate":{"custom_model_data":17},"model":"modelengine:kindletronsr/righthand"},{"predicate":{"custom_model_data":18},"model":"modelengine:kindletronsr/rightarm"},{"predicate":{"custom_model_data":19},"model":"modelengine:kindletronsr/lefthand"},{"predicate":{"custom_model_data":20},"model":"modelengine:kindletronsr/leftarm"},{"predicate":{"custom_model_data":21},"model":"modelengine:kindletronsr/rightfoot"},{"predicate":{"custom_model_data":22},"model":"modelengine:kindletronsr/rightleg"},{"predicate":{"custom_model_data":23},"model":"modelengine:kindletronsr/leftfoot"},{"predicate":{"custom_model_data":24},"model":"modelengine:kindletronsr/leftleg"},{"predicate":{"custom_model_data":25},"model":"modelengine:kindletronsr/kindletronsr"},{"predicate":{"custom_model_data":26},"model":"modelengine:ninja_skeleton/leftleg1"},{"predicate":{"custom_model_data":27},"model":"modelengine:ninja_skeleton/leftleg"},{"predicate":{"custom_model_data":28},"model":"modelengine:ninja_skeleton/rightleg1"},{"predicate":{"custom_model_data":29},"model":"modelengine:ninja_skeleton/rightleg"},{"predicate":{"custom_model_data":30},"model":"modelengine:ninja_skeleton/head"},{"predicate":{"custom_model_data":31},"model":"modelengine:ninja_skeleton/tail2"},{"predicate":{"custom_model_data":32},"model":"modelengine:ninja_skeleton/tail1"},{"predicate":{"custom_model_data":33},"model":"modelengine:ninja_skeleton/tail4"},{"predicate":{"custom_model_data":34},"model":"modelengine:ninja_skeleton/tail3"},{"predicate":{"custom_model_data":35},"model":"modelengine:ninja_skeleton/rightarm1"},{"predicate":{"custom_model_data":36},"model":"modelengine:ninja_skeleton/rightarm"},{"predicate":{"custom_model_data":37},"model":"modelengine:ninja_skeleton/sword"},{"predicate":{"custom_model_data":38},"model":"modelengine:ninja_skeleton/leftarm1"},{"predicate":{"custom_model_data":39},"model":"modelengine:ninja_skeleton/leftarm"},{"predicate":{"custom_model_data":40},"model":"modelengine:ninja_skeleton/body"},{"predicate":{"custom_model_data":41},"model":"modelengine:scarecrow/lleg"},{"predicate":{"custom_model_data":42},"model":"modelengine:scarecrow/rleg"},{"predicate":{"custom_model_data":43},"model":"modelengine:scarecrow/l_hand"},{"predicate":{"custom_model_data":44},"model":"modelengine:scarecrow/face"},{"predicate":{"custom_model_data":45},"model":"modelengine:scarecrow/head"},{"predicate":{"custom_model_data":46},"model":"modelengine:scarecrow/r_hand"},{"predicate":{"custom_model_data":47},"model":"modelengine:scarecrow/body"}]}